"Customer ID","First Name","Last Name",Gender,Email,"Primary Phone","Secondary Phone",Address,City,Province,"Postal Code",Country,"Date Created","Birth Date","Referral Source","Email OptIn","Text OptIn","Company Name","Waiver ID","Waiver Date and Version","C1 Customer ID","C1 First Name","C1 Last Name","C1 Gender","C1 Birthday","C1 Day","C1 Month","C1 Year","C1 Day / Month","C1 Waiver ID","C1 Waiver Date and Version","C2 Customer ID","C2 First Name","C2 Last Name","C2 Gender","C2 Birthday","C2 Day","C2 Month","C2 Year","C2 Day / Month","C2 Waiver ID","C2 Waiver Date and Version","C3 Customer ID","C3 First Name","C3 Last Name","C3 Gender","C3 Birthday","C3 Day","C3 Month","C3 Year","C3 Day / Month","C3 Waiver ID","C3 Waiver Date and Version"
57,"Rodina ",,,grodina@hotmail.com,"+1 (437) 383 - 9910 ",,,,,"""""",CA,24-Apr-2026,,,,,,0,
188,anton," bondarenko",,antonbond@live.ca,4168800714,,,,,"""""",CA,23-May-2026,,,,,,0,
179,Sydney," Mgaya",,yorku12@gmail.com,6477050435,,,,,"""""",CA,15-May-2026,,,,,,0,
161,Cherisse,Aballe,,cher_bearable@hotmail.com,(416)877-2437,,"226 Glen Shields Ave",Concord,ON,"""L4K 1T9""",CA,08-May-2026,25-Sep-1982,,No,No,,247,"2026-May-08 (ver. 2)",161,Brandon,Tai,"Not Specified",16-Mar-2017,16,3,2017,16/3,248,"2026-May-08 (ver. 2)"
171,Nadia,Abbas,,jafrinadia1@gmail.com,(647)823-1716,,"101 Kirk Dr",thornhill,ON,"""L3T 3K8""",CA,10-May-2026,28-Feb-1986,,Yes,Yes,,264,"2026-May-10 (ver. 2)",171,Yousuf,Jafri,"Not Specified",10-Oct-2014,10,10,2014,10/10,265,"2026-May-10 (ver. 2)"
122,Rend,"Abbod ",,Rend80@hotmail.com,(647)838-7020,,"42 Belfry Drive ","Bradford ",ON,"""L3Z0M6 """,CA,03-May-2026,17-Aug-1980,,No,Yes,,168,"2026-May-03 (ver. 2)",122,Ali,Abood,"Not Specified",23-Feb-2014,23,2,2014,23/2,169,"2026-May-03 (ver. 2)"
124,"Diana ",Abdully,,dabdully@hotmail.com,(647)771-6416,(416)358-8674,"22 wainfleet cres",Woodbridge,ON,"""L3L0E7""",CA,03-May-2026,14-Jun-1977,,No,No,,172,"2026-May-03 (ver. 2)",124,"Haidar ",Wasay,"Not Specified",05-Sep-2014,5,9,2014,5/9,173,"2026-May-03 (ver. 2)"
93,Elham,Aghamirbabaei,,elham_blake@yahoo.com,(437)221-6887,,"2 Persica Street","Richmond Hill",ON,"""L4E 1L3""",CA,30-Apr-2026,20-Jun-1979,,No,Yes,,108,"2026-Apr-30 (ver. 2)",93,Arsha,"Izadi ","Not Specified",09-Sep-2013,9,9,2013,9/9,109,"2026-Apr-30 (ver. 2)"
190,Amal,Ahmed,,mynamestoocommon@hotmail.com,6472890078,,,,,"""""",CA,24-May-2026,,,,,,0,
168,Hasan,Al-Janabi,,hasanaljanabi77@gmail.com,(437)453-2402,,"13 Godfrey Willis Dr",Markham,ON,"""L6C3N2""",CA,09-May-2026,17-Apr-1977,,No,No,,258,"2026-May-09 (ver. 2)",168,"Younis ",Al-Janabj,"Not Specified",04-Mar-2014,4,3,2014,4/3,259,"2026-May-09 (ver. 2)"
123,Tamara,Altaee,,Tamara_khalid@yahoo.com,(647)551-3919,(416)843-4711,"102 goldenview crt",Maple,ON,"""L6a 0c7""",CA,03-May-2026,01-Jan-1983,,No,Yes,,170,"2026-May-03 (ver. 2)",123,Mohammad,Abdulrahmen,"Not Specified",18-Nov-2014,18,11,2014,18/11,171,"2026-May-03 (ver. 2)"
135,Mona,Aminian,,Mona10636@gmail.com,(647)975-1617,(647)975-3377,"63 BEasley DR","Richmond hill",ON,"""L4c 7y7""",CA,06-May-2026,11-Sep-1981,,No,Yes,,190,"2026-May-06 (ver. 2)",135,Viana,Esmaeilganjehei,"Not Specified",15-Jun-2014,15,6,2014,15/6,191,"2026-May-06 (ver. 2)"
137,Ghazal,Ansari,,ghzl768@gmail.com,(416)827-8686,,"6 David Eyer Road","Richmond Hill",ON,"""L4S 0N5""",CA,07-May-2026,16-Apr-1983,,No,No,,194,"2026-May-07 (ver. 2)",137,Milica,Skrba,"Not Specified",03-Mar-2020,3,3,2020,3/3,195,"2026-May-07 (ver. 2)"
164,"Josie ",Arous,,josie.arous@gmail.com,4166694319,,,,,"""""",CA,09-May-2026,,,,,,0,
195,Sandy,Avila,,avila.raiban@gmail.com,6476718186,,,,,"""""",CA,28-May-2026,,,,,,0,
185,Yanina,Avila,,yaninaavila@gmail.com,4162760344,4163193329,"50 Pageant Ave, Woodbridge",,,"""""",,22-May-2026,,,No,,,0,,185,Cruz,Duenas,Male,31-Dec-1969,31,12,1969,31/12,0,
163,Neghina,Azizzada,,Nazizzada1@gmail.com,(647)834-4303,,"31 Jocada Court","Richmond Hill",ON,"""L4E0Z5""",CA,09-May-2026,20-Jun-1991,,No,Yes,,251,"2026-May-09 (ver. 2)",163,Omaid,Azizzada,"Not Specified",31-Aug-2017,31,8,2017,31/8,252,"2026-May-09 (ver. 2)"
20,"Raman ","Bajwa ",,raman_bajwa@hotmail.com,6479390087,,,,,"""""",CA,10-Apr-2026,25-Apr-2026,,,,,0,
181,Elina,Baranova,,tatarelina@gmail.com,6478879855,,,,,"""""",CA,17-May-2026,,,,,,0,
16,Rebecca,Ben-Shlomo,,zarets@hotmail.com,(647)880-4040,,"9 Honeywood Road",Thornhill,ON,"""L4J 9C2""",CA,07-Apr-2026,13-Mar-1985,,No,No,,16,"2026-Apr-07 (ver. 2)",16,Joshua,Ben-Shlomo,"Not Specified",08-Oct-2016,8,10,2016,8/10,17,"2026-Apr-07 (ver. 2)"
38,"Virginia ","Blair ",,virginiablair257@gmail.com,"(647) 606 - 2436",,,,,"""""",CA,22-Apr-2026,,,,,,0,
105,Kim,Breens,,Kimberlymbreens@gmail.com,(416)414-5931,,"31 Harmony Rd",Concord,ON,"""L4K5H1""",CA,02-May-2026,06-Jul-1985,,No,No,,134,"2026-May-02 (ver. 2)",105,"Emily ",Litwack,"Not Specified",09-May-2017,9,5,2017,9/5,135,"2026-May-02 (ver. 2)",105,"Ethan ",Litwack,"Not Specified",10-Aug-2019,10,8,2019,10/8,136,"2026-May-02 (ver. 2)"
112,Katherine,Cappella,,katherinecappella@hotmail.com,(416)708-6653,,"473 Dixon Blvd",Newmarket,ON,"""L3Y 5CY""",CA,03-May-2026,20-Jul-1978,,No,No,,147,"2026-May-03 (ver. 2)",112,James,Cutmore,"Not Specified",11-Oct-2017,11,10,2017,11/10,148,"2026-May-03 (ver. 2)"
25,Maria,Cappiello,,mhronopoulos@gmail.com,6479842189,,,,,"""""",,14-Apr-2026,,,No,,,0,,25,Emilia,Cappiello,Female,30-May-2018,30,5,2018,30/5,0,
111,Maria,Caroro,,Grasyakuh1996@gmail.com,(647)330-5098,,"12 Garthdale court North York","Toronto ",ON,"""M3H 5P8""",CA,03-May-2026,13-Jan-1996,,No,Yes,,144,"2026-May-03 (ver. 2)",111,Thirdy,Caroro,"Not Specified",13-Sep-2017,13,9,2017,13/9,145,"2026-May-03 (ver. 2)",111,Fourth,Caroro,"Not Specified",25-Jan-2019,25,1,2019,25/1,146,"2026-May-03 (ver. 2)"
115,Ruth,Castro,,10-eat.ratchet@icloud.com,(647)217-8934,,"8 sarah jackson cres","North york",ON,"""647""",CA,03-May-2026,14-Feb-1992,,No,No,,154,"2026-May-03 (ver. 2)",115,Joel,Gonzalez,"Not Specified",28-Sep-2016,28,9,2016,28/9,155,"2026-May-03 (ver. 2)"
68,"Jay ",Chan,,johnnychan217@gmail.com,(437)423-2288,(437)423-8822,"82 Risebrough Ave, North York",Toronto,,"""M2M 2E3""",CA,25-Apr-2026,17-Feb-1977,,No,Yes,,70,"2026-Apr-25 (ver. 2)",68,Solomon,Lau,"Not Specified",20-Aug-2016,20,8,2016,20/8,71,"2026-Apr-25 (ver. 2)"
81,Guy,Charles-Antoine,,gcharlesantoine@yahoo.ca,(647)964-7614,,"179 Danzatore Path",Oshawa,ON,"""L1L0P9""",CA,27-Apr-2026,05-Mar-1971,,No,No,,93,"2026-Apr-27 (ver. 2)",81,Jacqueline,Charles-Antoine,"Not Specified",25-May-2018,25,5,2018,25/5,95,"2026-Apr-27 (ver. 2)",81,Guy,"Charles-Antoine III","Not Specified",15-Oct-2021,15,10,2021,15/10,94,"2026-Apr-27 (ver. 2)"
134,Alwin,Chaudhry,,alwin.chaudhry21@gmail.com,(437)242-6742,,"11 Kelso crescent",Maple,ON,"""L6A 2C7""",CA,06-May-2026,21-May-1989,,No,Yes,,188,"2026-May-06 (ver. 2)",134,"Muhammad isa","Sheikh ","Not Specified",11-Feb-2015,11,2,2015,11/2,189,"2026-May-06 (ver. 2)"
71,Yue,Chen,,yorkchen00001@gmail.com,(437)655-6661,,"6 Hogan Crt.","King City",ON,"""L7B 0M1""",CA,25-Apr-2026,16-Nov-1968,,No,No,,76,"2026-Apr-25 (ver. 2)",71,Anson,Chen,"Not Specified",02-Feb-2015,2,2,2015,2/2,77,"2026-Apr-25 (ver. 2)"
19,Jessica,Chencinski,,Jessicafurmanmsw@gmail.com,(416)726-4616,,"462 Marc Santi blvd",Maple,ON,"""L6a4c9""",CA,07-Apr-2026,08-Jul-1984,,No,No,,24,"2026-Apr-07 (ver. 2)",19,Maya,Chencinski,"Not Specified",25-May-2017,25,5,2017,25/5,25,"2026-Apr-07 (ver. 2)"
149,"Michelle ",Chin,,Mchin83@gmail.com,(647)963-8512,,"56 Whitney pl",Thornhill,ON,"""L4J6V7 """,CA,08-May-2026,11-May-1983,,No,Yes,,218,"2026-May-08 (ver. 2)",149,Cooper,Wong,"Not Specified",09-Jun-2017,9,6,2017,9/6,219,"2026-May-08 (ver. 2)"
167,Denise,Chiriboga,,Denise@strongmom.ca,(416)728-6206,,"118 alpaca drive","Richmond holl",ON,"""L4e0r2""",CA,09-May-2026,11-Feb-1981,,No,Yes,,256,"2026-May-09 (ver. 2)",167,Isaiah,Chiriboga,"Not Specified",09-Feb-2016,9,2,2016,9/2,257,"2026-May-09 (ver. 2)"
35,Tenzin,Chodon,,tenzin_c@hotmail.com,6474253630,6474253630,,,,"""""",,21-Apr-2026,,,No,,,0,
160,Ginny,Chung,,Gc3079@gmail.com,(416)729-0130,,"1506 napanee rd",Pickering,ON,"""L1V5P1 """,CA,08-May-2026,30-Jan-1980,,No,No,,244,"2026-May-08 (ver. 2)",160,Quinn,Singh,"Not Specified",18-Mar-2014,18,3,2014,18/3,245,"2026-May-08 (ver. 2)",160,"Aidan ",Singh,"Not Specified",14-Aug-2018,14,8,2018,14/8,246,"2026-May-08 (ver. 2)"
174,"Angela ",cinapri,,angela.cinapri@hotmail.com,4166625621,,,,,"""""",CA,10-May-2026,,,,,,0,
187,Patti,Clark,,pclark812@hotmail.com,3098331604,,,,,"""""",CA,23-May-2026,,,,,,0,
69,Edelyn,Corpuz,,epccorpuz@gmail.com,(647)303-4528,,"39 oneida crescent","Richmond hill",ON,"""L4b 4t9""",CA,25-Apr-2026,25-Sep-1982,,No,No,,72,"2026-Apr-25 (ver. 2)",69,Edan,Corpuz,"Not Specified",25-Feb-2016,25,2,2016,25/2,73,"2026-Apr-25 (ver. 2)"
173,Malcolm,Dalgliesh,,dalglieshmalcolm@gmail.com,4165053877,,,,,"""""",CA,10-May-2026,,,,,,0,
67,Wanda,"De Luca",,Wanda.deluca35@gmail.com,(647)293-7187,(416)277-0307,"356 Bennet Dr",King,ON,"""L7B 1G7""",CA,25-Apr-2026,23-Apr-1985,,No,No,,68,"2026-Apr-25 (ver. 2)",67,"Mila ","De Luca","Not Specified",14-Jul-2016,14,7,2016,14/7,69,"2026-Apr-25 (ver. 2)"
157,Huseyin,Demiroglu,,huseyindemiroglu13@gmail.com,(647)267-0904,,"99 Saint Victor Drive",Vaughan,ON,"""L4H 3E9""",CA,08-May-2026,27-Aug-1983,,No,Yes,,238,"2026-May-08 (ver. 2)",157,Aren,Demirogli,"Not Specified",04-Aug-2016,4,8,2016,4/8,239,"2026-May-08 (ver. 2)"
172,Sabireen,Dharsi,,sabireen.dharsi@gmail.com,(416)500-1306,,"82 Pacific Rim Crt","Richmond Hill",ON,"""L4E 0W8""",CA,10-May-2026,13-Jun-1987,,No,No,,266,"2026-May-10 (ver. 2)",172,Jawad,"Karim ","Not Specified",19-Mar-2014,19,3,2014,19/3,267,"2026-May-10 (ver. 2)"
128,Laura,"Di Paolo",,Laura.dipaolo1@gmail.com,(647)284-2322,,"91 Valle Avenue",Woodbridge,ON,"""L4H0N5""",CA,04-May-2026,06-Apr-1986,,No,No,,178,"2026-May-04 (ver. 2)",128,Luca,"Di Paolo","Not Specified",18-Jan-2016,18,1,2016,18/1,179,"2026-May-04 (ver. 2)"
113,lori,dowling,,lorifdowling@gmail.com,(647)680-6156,,"76 Searle Ave.","north york",ON,"""M3H4A5""",CA,03-May-2026,24-Jan-1986,,No,No,,149,"2026-May-03 (ver. 2)",113,Logan,Dowling,"Not Specified",31-Jan-2017,31,1,2017,31/1,150,"2026-May-03 (ver. 2)",113,Harrison,Dowling,"Not Specified",31-Jan-2017,31,1,2017,31/1,151,"2026-May-03 (ver. 2)"
180,"Georgette ",Dubosq,,georgette.dubosq@gmail.com,2898804033,,,,,"""""",CA,17-May-2026,,,,,,0,
184,Vinh,Duong,,vinhduong21@gmail.com,4169033421,,,,,"""""",CA,22-May-2026,,,,,,0,
89,"Claire ",E.,,clsedgley@gmail.com,6473895400,,,,,"""""",CA,30-Apr-2026,,,,,,0,,89,Ella,Destefano,Female,04-May-2016,4,5,2016,4/5,0,
76,Aaron,Eustace,,Vincec.3693@gmail.com,(416)557-0962,,"701-5785 Yonge Street",Toronto,ON,"""M2m4j2""",CA,26-Apr-2026,23-May-1989,,No,No,,84,"2026-Apr-26 (ver. 2)",76,June,Cheung-Eustace,"Not Specified",24-Jun-2014,24,6,2014,24/6,85,"2026-Apr-26 (ver. 2)"
88,Nina,Facciolo,,ninafacciolo@yahoo.ca,(416)725-5059,,"16455 10th concession",Schomberg,ON,"""L0g1t0""",CA,29-Apr-2026,04-Jun-1983,,No,No,,102,"2026-Apr-29 (ver. 2)",88,Vanessa,Vassallo,"Not Specified",23-Jun-2015,23,6,2015,23/6,103,"2026-Apr-29 (ver. 2)"
6,Amy,Fan-Lun,,amy.fanlun@gmail.com,(647)448-3778,,"88 Risebrough Avenue","North York",ON,"""M2M 2E3""",CA,01-Apr-2026,09-May-1981,,No,No,,1,"2026-Apr-01 (ver. 2)",6,Stella,Sun,"Not Specified",20-Dec-2014,20,12,2014,20/12,3,"2026-Apr-01 (ver. 2)",6,Max,Sun,"Not Specified",29-Apr-2017,29,4,2017,29/4,2,"2026-Apr-01 (ver. 2)",6,"Simone Ripley",Sun,"Not Specified",01-Mar-2022,1,3,2022,1/3,4,"2026-Apr-01 (ver. 2)"
30,"Naomi ",Fogel,,nomers26@gmail.com,64720568,,,,,"""""",CA,16-Apr-2026,,,,,,0,
120,Nicole,Fraissinet,,nfraiss@gmail.com,(647)949-5097,,"71 mill dam court",Schomberg,ON,"""L0G1T0""",CA,03-May-2026,20-Dec-1985,,No,No,,162,"2026-May-03 (ver. 2)",120,Harland,Gairdner,"Not Specified",31-Aug-2016,31,8,2016,31/8,164,"2026-May-03 (ver. 2)",120,"Weston ",Gairdner,"Not Specified",25-May-2018,25,5,2018,25/5,163,"2026-May-03 (ver. 2)"
99,james,Fricker,,James.fricker@outlook.com,(416)899-1008,,"405peter rupert",Vaughan,ON,"""l6a9n8""",CA,02-May-2026,10-Apr-1980,,No,No,,121,"2026-May-02 (ver. 2)",99,Nolan,Fricker,"Not Specified",31-Aug-2015,31,8,2015,31/8,122,"2026-May-02 (ver. 2)"
60,Shoshana,Fruitman,,shoshana911@hotmail.com,(647)261-2742,,"166 Westmount Blvd",Thornhill,ON,"""L4j7w2""",CA,25-Apr-2026,11-Sep-1979,,No,No,,54,"2026-Apr-25 (ver. 2)",60,CJ,Fruitman,"Not Specified",24-Dec-2016,24,12,2016,24/12,55,"2026-Apr-25 (ver. 2)"
200,Bassanio,Fung,,bhmfung@hotmail.com,6476783825,6473325003,"165 Bawden Drive, Richmond Hill",,,"""""",,31-May-2026,,,No,,,0,,200,Jayden,Fung,Male,19-Jun-2014,19,6,2014,19/6,0,
205,Melissa,Galati,,galati.melissa@gmail.com,4163037095,,"47-10 Porter Ave. W",,,"""""",,05-Jun-2026,,,Yes,,,0,,205,Logan,Torti,Male,30-Jul-2016,30,7,2016,30/7,0,
127,Melitta,Gamboa,,gmelitta3@gmail.com,(647)868-0686,,"17 sunnidale rd","Wasaga Beach",ON,"""L9Z 2M5""",CA,04-May-2026,20-May-1984,,No,Yes,,176,"2026-May-04 (ver. 2)",127,"Ismail ",Kadom,"Not Specified",18-Jul-2017,18,7,2017,18/7,177,"2026-May-04 (ver. 2)"
31,Edward,Gelfen,,edwardgelfen@gmail.com,(416)878-2636,,"818 Lagoon Drive","Willow Beach",ON,"""L0E 1S0""",CA,17-Apr-2026,30-Apr-1985,,No,Yes,,38,"2026-Apr-17 (ver. 2)",31,David,Gelfen,"Not Specified",18-Apr-2016,18,4,2016,18/4,39,"2026-Apr-17 (ver. 2)",31,George,Gelfen,"Not Specified",17-May-2017,17,5,2017,17/5,40,"2026-Apr-17 (ver. 2)"
141,"Romina ","Ghasemian ",,Rumi_osman@hotmail.com,(647)966-6803,(647)966-6803,"5404 champlain trail ","Mississauga  ",ON,"""L5R 2Y8""",CA,07-May-2026,27-Jan-1982,,No,No,,206,"2026-May-07 (ver. 2)",141,Aleeza,"Osman ","Not Specified",10-May-2010,10,5,2010,10/5,207,"2026-May-07 (ver. 2)",141,Eliana,"Osman ","Not Specified",04-Jun-2014,4,6,2014,4/6,208,"2026-May-07 (ver. 2)"
2,Vanessa,Giannantonio,,vgiann21@gmail.com,6472223867,,,,,"""""",,19-Mar-2026,,,No,,,0,
130,Stephanie,Gilman,,gilman.steph@gmail.com,(647)778-7828,,"291 Bathurst Glen Dr",Thornhill,ON,"""L4J 9K8""",CA,06-May-2026,09-Aug-1984,,No,No,,182,"2026-May-06 (ver. 2)",130,Ezra,Gilman,"Not Specified",08-Nov-2016,8,11,2016,8/11,184,"2026-May-06 (ver. 2)",130,Leo,Gilman,"Not Specified",17-Jun-2019,17,6,2019,17/6,183,"2026-May-06 (ver. 2)"
194,"Anu ","Goel ",,anu12goel@gmail.com,,,,,,"""""",CA,28-May-2026,,,,,,0,
29,"Niranjan ","Goklani ",,naranjan85@gmail.com,"+1 (519) 998-2420",,,,,"""""",CA,16-Apr-2026,,,,,,0,
18,Elyssa,Goldstein,,elyssagreenbaum@gmail.com,(647)282-1593,,"112 Starwood Road",Thornhill,ON,"""L4J 9C8""",CA,07-Apr-2026,15-Nov-1986,,No,No,,20,"2026-Apr-07 (ver. 2)",18,Shane,Goldstein,"Not Specified",26-Apr-2018,26,4,2018,26/4,22,"2026-Apr-07 (ver. 2)",18,Laurel,Goldstein,"Not Specified",27-Aug-2020,27,8,2020,27/8,21,"2026-Apr-07 (ver. 2)",18,Matthew,Goldstein,"Not Specified",05-Nov-2024,5,11,2024,5/11,23,"2026-Apr-07 (ver. 2)"
64,Jennifer,Gunning,,jen.quirt.gunning@gmail.com,(416)305-9704,,"18 Billingham Hts",Aurora,ON,"""L4G 7R8""",CA,25-Apr-2026,16-Oct-1979,,No,No,,62,"2026-Apr-25 (ver. 2)",64,Henry,Gunning,"Not Specified",16-Dec-2015,16,12,2015,16/12,63,"2026-Apr-25 (ver. 2)"
62,Liqing,Guo,,guoliqing812@gmail.com,(416)567-8935,,"23 Steeles Ave E",Toronto,ON,"""M2M 3Y2""",CA,25-Apr-2026,27-Nov-1981,,No,Yes,,58,"2026-Apr-25 (ver. 2)",62,Yanzi,Chen,"Not Specified",12-Aug-2014,12,8,2014,12/8,59,"2026-Apr-25 (ver. 2)"
148,"Sadia ",Ikram,,Sadiaikram5@gmail.com,(647)470-3893,,"67 sterling cresc",Maple,ON,"""L6a1a1""",CA,08-May-2026,16-Nov-1985,,No,No,,216,"2026-May-08 (ver. 2)",148,"Isa ",Mian,"Not Specified",19-Jul-2015,19,7,2015,19/7,217,"2026-May-08 (ver. 2)"
12,Howie,Izraelski,,howie_i@hotmail.com,(647)283-5481,,"72 Randolph Drive",Vaughan,ON,"""L6A 0Z8""",CA,07-Apr-2026,07-Oct-1981,,No,No,,7,"2026-Apr-07 (ver. 2)",12,Samuel,Izraelski,"Not Specified",27-Jun-2018,27,6,2018,27/6,8,"2026-Apr-07 (ver. 2)",12,Goldie,Izraelski,"Not Specified",28-Mar-2021,28,3,2021,28/3,9,"2026-Apr-07 (ver. 2)"
83,Delrosio,J.,,Delrosario1809@gmail.com,6479735078,,,,,"""""",CA,28-Apr-2026,,,,,,0,
201,"Saba ",Jafarpisheh,,saba.jp@gmail.com,"(416) 897 - 8984",,,,,"""""",CA,31-May-2026,,,,,,0,
162,"Huria ","Jalalzai ",,Huria.jalalzai@gmail.com,(647)388-5079,,"46 brookmil drive ","Thornhill ",ON,"""L4j6k5""",CA,09-May-2026,04-Oct-1982,,No,Yes,,249,"2026-May-09 (ver. 2)",162,"Noah ","Al-Waili ","Not Specified",27-Sep-2017,27,9,2017,27/9,250,"2026-May-09 (ver. 2)"
103,Nalanie,Johnson,,nalanie.simon@gmail.com,(416)875-3873,,"117 Chessington Ave","East Gwillimbury ",ON,"""L9N0R5""",CA,02-May-2026,27-Oct-1986,,No,No,,129,"2026-May-02 (ver. 2)",103,"Nathaniel ","Johnson ","Not Specified",17-Oct-2015,17,10,2015,17/10,130,"2026-May-02 (ver. 2)",103,"Sebella ","Johnson ","Not Specified",09-Sep-2017,9,9,2017,9/9,131,"2026-May-02 (ver. 2)"
155,Samra,Kadhm,,samrakadhm92@gmail.com,(647)881-7407,,"187 misty meadows dr ","Woodbridge ",,"""L4l3v6""",CA,08-May-2026,03-Mar-1992,,No,Yes,,232,"2026-May-08 (ver. 2)",155,"Noah ",Raauof,"Not Specified",19-May-2020,19,5,2020,19/5,233,"2026-May-08 (ver. 2)",155,"Layah ",Raauof,"Not Specified",27-Jun-2021,27,6,2021,27/6,234,"2026-May-08 (ver. 2)",155,Zayn,Raauof,"Not Specified",15-Aug-2022,15,8,2022,15/8,235,"2026-May-08 (ver. 2)"
98,irina,Kapler,,irina.kapler@gmail.com,(647)204-5165,,"109 Catalpa cres",Maple,ON,"""L6a0r5""",CA,02-May-2026,01-Mar-1984,,No,No,,119,"2026-May-02 (ver. 2)",98,sam,kapler,"Not Specified",18-Jun-2015,18,6,2015,18/6,120,"2026-May-02 (ver. 2)"
156,Saeid,Karimi,,Saeid_k1@hotmail.com,(416)953-9891,,"277 Belview Ave","Woodbridge ",ON,"""L4L 7V7""",CA,08-May-2026,28-Jan-1970,,No,Yes,,236,"2026-May-08 (ver. 2)",156,Hamim,Karimi,"Not Specified",27-Feb-2014,27,2,2014,27/2,237,"2026-May-08 (ver. 2)"
154,Keyvan,Kashvandi,,keyvan.kashvandi@gmail.com,(647)803-2462,,"21 brookgreen crescent",richmondhill,ON,"""l4c0m1""",CA,08-May-2026,15-Sep-1983,,No,Yes,,230,"2026-May-08 (ver. 2)",154,Nirvan,Kashvandi,"Not Specified",09-Feb-2016,9,2,2016,9/2,231,"2026-May-08 (ver. 2)"
84,"Misun ","Kim ",,sapphire8304@hotmail.com,(647)801-8797,,"38 Pitney Ave.","Richmond Hill",ON,"""L4e4y5""",CA,28-Apr-2026,22-Apr-1983,,No,No,,114,"2026-May-01 (ver. 2)",84,Connor,Song,"Not Specified",05-May-2016,5,5,2016,5/5,115,"2026-May-01 (ver. 2)",84,Olivia,Song,"Not Specified",25-Sep-2019,25,9,2019,25/9,116,"2026-May-01 (ver. 2)"
94,Esther,Korf,,shlucha@bcmschool.ca,3237909173,,,,,"""""",CA,01-May-2026,,,,,,0,
100,Orest,"Kostiv ",,Opecmk@gmail.com,(647)299-2778,,"340 oberfrick ave",Vaughan,ON,"""L6A0R8""",CA,02-May-2026,01-Jan-1980,,No,No,,123,"2026-May-02 (ver. 2)",100,Max,"Kostiv ","Not Specified",31-Dec-2015,31,12,2015,31/12,124,"2026-May-02 (ver. 2)"
193,Golrokh,Ladjarei,,golrokh.ladjvardi@gmail.com,6473236645,,,,,"""""",CA,27-May-2026,,,,,,0,
59,Ela,Laevski,,ela.laevski@gmail.com,(416)984-1440,,"41 starwood rd ","Thornhill ",ON,"""L4j9c9""",CA,25-Apr-2026,15-Oct-1981,,No,No,,52,"2026-Apr-25 (ver. 2)",59,Ron,"Yaffe ","Not Specified",16-Aug-2016,16,8,2016,16/8,53,"2026-Apr-25 (ver. 2)"
37,"Rose ","Lajevardi ",,roza.ladjvardi@gmail.com,"(647) 470-5153",,,,,"""""",CA,22-Apr-2026,,,,,,0,
202,shereka,langley,,sherryfagan659@hotmail.com,6472672355,,"524-142 Widdicombe Hill Blvd",,,"""""",,03-Jun-2026,,,No,,,0,,202,Saneya,Newland,Female,22-Jun-2016,22,6,2016,22/6,0,
204,Jennifer,Lee,,jennifer.sw.lee@gmail.com,4169491255,,,,,"""""",,04-Jun-2026,,,No,,,0,
82,"Lois Menglu Yin",Lois,Female,loisyinml@gmail.com,6479982132,,,,,"""""",CA,27-Apr-2026,,,Yes,Yes,,0,,82,Renee,Y,Female,18-May-2016,18,5,2016,18/5,0,
13,"Karin ",Lusher,,karinl21@hotmail.com,(647)284-4333,,"18 ironbark court ","Maple ",ON,"""L6a4c9""",CA,07-Apr-2026,21-Aug-1985,,No,No,,10,"2026-Apr-07 (ver. 2)",13,Jaime,Luser,"Not Specified",18-Apr-2017,18,4,2017,18/4,11,"2026-Apr-07 (ver. 2)"
138,Saman,Mahboob,,samanmahboob@gmail.com,(647)462-1189,,"29 upbound court ","Holland landing ",ON,"""L3S2K1""",CA,07-May-2026,25-Mar-1985,,No,No,,196,"2026-May-07 (ver. 2)",138,Jacob,Osman,"Not Specified",21-Jan-2013,21,1,2013,21/1,197,"2026-May-07 (ver. 2)",138,"Ella ",Osman,"Not Specified",21-Oct-2014,21,10,2014,21/10,198,"2026-May-07 (ver. 2)",138,"Zack ",Osman,"Not Specified",26-Mar-2020,26,3,2020,26/3,199,"2026-May-07 (ver. 2)"
152,Arezo,Mansury,,Arezo.mansury@hotmail.com,(647)887-5700,,"5011 Highway 3",Sherkston,ON,"""L0S1R0""",CA,08-May-2026,25-Jun-1991,,No,No,,224,"2026-May-08 (ver. 2)",152,Micah-Eesah,Mansury,"Not Specified",08-Mar-2016,8,3,2016,8/3,225,"2026-May-08 (ver. 2)"
74,YAQIAN,MAO,,youyou1229aa@hotmail.com,(647)262-8291,,"123 NIPIGON AVE","NORTH YORK",ON,"""M2M 2W5""",CA,25-Apr-2026,18-Dec-1984,,No,Yes,,82,"2026-Apr-25 (ver. 2)",74,OLIVIA,CHEN,"Not Specified",18-Oct-2014,18,10,2014,18/10,83,"2026-Apr-25 (ver. 2)"
136,Aissia,Mass,,Eqhlima@gmail.com,(416)835-2036,,StellaCres,"Boltob ",ON,"""L7e2a9""",CA,07-May-2026,01-Oct-1989,,No,No,,192,"2026-May-07 (ver. 2)",136,Eliana,Mass,"Not Specified",17-Jun-2022,17,6,2022,17/6,193,"2026-May-07 (ver. 2)"
58,"Samantha ","Matin ",,matingurls@hotmail.com,"(647) 633 - 944 ",,,,,"""""",CA,24-Apr-2026,,,,,,0,
40,"Teresa ","Mazzaferro ",,teresamazz2017@gmail.com,,,,,,"""""",CA,22-Apr-2026,,,,,,0,
1,Mck,Mck,,mckinnley@lilypadpos.com,,,,,,"""""",CA,17-Mar-2026,,,,,,0,
104,Natasha,Mehta,,dhingra.natasha@yahoo.com,(647)706-7823,,"47 Callowhill Avenue","Richmond Hill",ON,"""L4B 3T7""",CA,02-May-2026,20-Feb-1987,,No,No,,132,"2026-May-02 (ver. 2)",104,Aakarsh,Dhingra,"Not Specified",30-Nov-2016,30,11,2016,30/11,133,"2026-May-02 (ver. 2)"
61,Dina,"Merchasin ",,clarithro@gmail.com,(416)357-1104,,"10 lina marra dr ",Concord,ON,"""L4K5G1""",CA,25-Apr-2026,23-Dec-1984,,No,No,,56,"2026-Apr-25 (ver. 2)",61,Joel,"Merchasin ","Not Specified",16-Feb-2016,16,2,2016,16/2,57,"2026-Apr-25 (ver. 2)"
80,Laura,Mirarchi,,marando_89@hotmail.com,6472941326,,"37 Village Vista Way, Maple ON, L6A3Y2",,,"""""",,27-Apr-2026,,,No,,,0,,80,Luca,Mirarchi,Male,01-Jun-2018,1,6,2018,1/6,0,
91,Shima,Mirkhan,,shima.mirkhan@gmail.com,(647)890-4043,,"4 Carrville Woods Cir",Maple,ON,"""L6A 4Z6""",CA,30-Apr-2026,21-Sep-1975,,No,No,,104,"2026-Apr-30 (ver. 2)",91,Adrian,Phili,"Not Specified",12-Apr-2017,12,4,2017,12/4,105,"2026-Apr-30 (ver. 2)"
66,Jennifer,Moebs,,Jenmoebs@gmail.com,(647)282-6117,,"81 Bentoak Cres",Thornhill,ON,"""L4J 8S7""",CA,25-Apr-2026,03-Mar-1982,,No,No,,66,"2026-Apr-25 (ver. 2)",66,Bradley,Chu,"Not Specified",12-Jul-2016,12,7,2016,12/7,67,"2026-Apr-25 (ver. 2)"
17,Sheri,"Moldaver ",,sherimoldaver@gmail.com,(647)300-4275,,"1 Moraine Hill Dr.",Maple,ON,"""L6A0Z9""",CA,07-Apr-2026,06-Mar-1984,,No,No,,18,"2026-Apr-12 (ver. 2)",17,Chloe,Moldaver,"Not Specified",24-Apr-2017,24,4,2017,24/4,19,"2026-Apr-12 (ver. 2)"
97,Fattaneh,MoridiBakhtiari,,fattanehmoridi@gmail.com,(647)773-4979,,"4 Woodhaven Crescent","Richmond Hill",ON,"""L4E 3T1""",CA,02-May-2026,23-Aug-1980,,No,Yes,,117,"2026-May-02 (ver. 2)",97,"Eric ","Anaraki ","Not Specified",01-Dec-2017,1,12,2017,1/12,118,"2026-May-02 (ver. 2)"
145,Melissa,Morrison,,me.morrison2014@gmail.com,2048728400,,,,,"""""",,07-May-2026,,,No,,,0,
10,Talia,Nacson,,silver.talia@gmail.com,6475248259,,,,,"""""",,06-Apr-2026,,,No,,,0,
198,Samira,Naderi,Male,samin2009@yahoo.com,5144305053,,,,,"""""",CA,30-May-2026,,,,,,0,
33,Abdollah,Naseh,,Naseh_a2000@yahoo.com,(416)834-0845,,183,"North York",ON,"""m2m 3l1""",CA,18-Apr-2026,16-Apr-1961,,No,Yes,,45,"2026-Apr-25 (ver. 2)",33,Benjamin,Naseh,"Not Specified",25-Aug-2016,25,8,2016,25/8,46,"2026-Apr-25 (ver. 2)",33,Danial,Naseh,"Not Specified",25-Apr-2026,25,4,2026,25/4,47,"2026-Apr-25 (ver. 2)"
119,Maria,Nasso,,mjruo@yahoo.com,(416)885-6279,,"196 richard clark dr",Toronto,ON,"""M3M1V8""",CA,03-May-2026,27-Mar-1978,,No,No,,160,"2026-May-03 (ver. 2)",119,Alessandro,Nasso,"Not Specified",16-Jul-2016,16,7,2016,16/7,161,"2026-May-03 (ver. 2)"
183,Kaveh,Nedamat,,kevinnedamat@gmail.com,6132429857,,,,,"""""",CA,22-May-2026,,,,,,0,
106,jennifer,ngai,,jennifer.y.ngai@gmail.com,6478366888,,,,,"""""",CA,02-May-2026,,,,,,0,
9,Manglesh,Niran,,manglesh.nirnjan@gmail.com,(613)314-6225,,"1-960 Edgeley Blvd",Concord,ON,"""L4K 4V4""",CA,05-Apr-2026,01-Jan-2000,,No,No,,6,"2026-Apr-05 (ver. 2)"
5,"David ",Noon,,leahnoon@gmail.com,,,,,,"""""",CA,01-Apr-2026,,,,,,0,
92,Shireen,Nouhi,,skynouhi16@yahoo.com,(647)539-0022,,"115 woodvalley crescent",Maple,ON,"""L6a4j5""",CA,30-Apr-2026,16-Jan-1986,,No,Yes,,106,"2026-Apr-30 (ver. 2)",92,Ryan,Zohrabbeik,"Not Specified",28-Jun-2017,28,6,2017,28/6,107,"2026-Apr-30 (ver. 2)"
169,"Mehrnaz ",Olia,,Mhseyedolia@gmail.com,(437)245-7494,,"30 medalist ","Toronto ",ON,"""M2p1w5""",CA,10-May-2026,06-Jun-1975,,No,No,,260,"2026-May-10 (ver. 2)",169,"Seyed Ali",Vafaee,"Not Specified",21-Sep-2014,21,9,2014,21/9,261,"2026-May-10 (ver. 2)"
55,Inez,Oliveira,,iaugust30@gmail.com,(647)285-4304,,"185 - 190 Harding Blvd West","Richmond Hill",ON,"""L4c0j9""",CA,24-Apr-2026,20-Jan-1982,,No,No,,48,"2026-Apr-24 (ver. 2)",55,Dominic,Oliveira,"Not Specified",19-Jul-2016,19,7,2016,19/7,49,"2026-Apr-24 (ver. 2)"
140,Homira,Osman,,homira.osman@gmail.com,(647)370-3606,,"12 Betty May Cr","East Gwillimbury ",ON,"""L9N0Z9""",CA,07-May-2026,30-Apr-1988,,No,No,,203,"2026-May-07 (ver. 2)",140,Sophia,Sharifi,"Not Specified",08-Oct-2018,8,10,2018,8/10,205,"2026-May-07 (ver. 2)",140,Joseph,Sharifi,"Not Specified",27-May-2022,27,5,2022,27/5,204,"2026-May-07 (ver. 2)"
199,Marielle,Palaretti,,mpalaretti@gmail.com,6478574517,,"830 lawrence ave w",,,"""""",,31-May-2026,,,No,,,0,,199,Benjamin,"J. Palaretti",Male,18-Jun-2018,18,6,2018,18/6,0,
139,Tara,Pardis,,Taraneh21@hotmail.com,(416)305-1082,,"21 Aristotle Drive ","richmond hill",ON,"""L4S1J2""",CA,07-May-2026,29-Jul-1984,,No,No,,200,"2026-May-07 (ver. 2)",139,Myca,Janamian,"Not Specified",21-Jun-2016,21,6,2016,21/6,201,"2026-May-07 (ver. 2)",139,"Mateo ",Janamian,"Not Specified",02-Aug-2019,2,8,2019,2/8,202,"2026-May-07 (ver. 2)"
182,Ami,Patel,,amidesai.ce@gmail.com,6478397696,,"192 Clearbrooke Circle, Etobicoke, ON",,,"""""",,22-May-2026,,,No,,,0,,182,Nishi,Patel,Female,17-Jun-2016,17,6,2016,17/6,0,
65,"Liz ","Pathak ",,lizpathak@hotmail.com,(647)291-7473,,"14760 11th conc ","Shcomberg ",ON,"""L0G1T0""",CA,25-Apr-2026,01-Oct-1978,,No,Yes,,64,"2026-Apr-25 (ver. 2)",65,"Dylan ","Sepiashvili ","Not Specified",18-Jun-2015,18,6,2015,18/6,65,"2026-Apr-25 (ver. 2)"
90,Alexandra,Pepe,,alypepe@hotmail.com,6474596446,,,,,"""""",CA,30-Apr-2026,,,,,,0,
26,Jay,Perez,,Jayperez0528@gmail.com,(647)461-1927,,"68 Prince Charles Way",Markham,ON,"""L6C0B5""",CA,15-Apr-2026,28-May-1981,,Yes,Yes,,35,"2026-Apr-15 (ver. 2)",26,"Tommy ",Perez,"Not Specified",26-Jun-2019,26,6,2019,26/6,36,"2026-Apr-15 (ver. 2)"
191,Nina,Phan,,nina_phan@live.com,6472926116,,,,,"""""",CA,25-May-2026,,,,,,0,
116,Tatiana,Pincivero,,Taatip2016@gmail.com,(647)620-1772,,"62 Wyndale Dr",Toronto,ON,"""M6L1G2""",CA,03-May-2026,15-Oct-1993,,No,No,,156,"2026-May-03 (ver. 2)",116,Matteo,Pincivero,"Not Specified",09-Jan-2016,9,1,2016,9/1,157,"2026-May-03 (ver. 2)"
4,PixelPulse,Play,,pixelpulseplayzone@gmail.com,,,,,,"""""",CA,21-Mar-2026,,,,,,0,
63,Adriana,Policaro,,adriana.policaro@gmail.com,(647)449-0957,,"159 Treelawn ",Vaughan,ON,"""L0J1C0""",CA,25-Apr-2026,18-Oct-1983,,No,Yes,,60,"2026-Apr-25 (ver. 2)",63,Alec,MacDonald,"Not Specified",22-May-2015,22,5,2015,22/5,61,"2026-Apr-25 (ver. 2)"
108,Mona,poon,,mona.poon@hotmail.com,,,,,,"""""",CA,02-May-2026,,,,,,0,
177,Alyssa,Protomanni,,Alydatto@gmail.com,N/A,,,,,"""""",CA,11-May-2026,,,,,,0,
107,Dowon,Pyun,,Si0918na@gmail.com,(647)567-3779,,"40 Moresby st","Richmond hill",ON,"""L4B 4K9""",CA,02-May-2026,24-Oct-1985,,No,Yes,,137,"2026-May-02 (ver. 2)",107,Ian,Pyun,"Not Specified",24-Sep-2016,24,9,2016,24/9,138,"2026-May-02 (ver. 2)",107,"Evan ",Pyun,"Not Specified",21-Nov-2017,21,11,2017,21/11,139,"2026-May-02 (ver. 2)"
126,Hadil,Raauof,,Hadil.Raauof@yahoo.com,6479642113,,,,,"""""",CA,04-May-2026,,,,,,0,
176,Iqra,Rafiq,,iqra_786_1@yahoo.com,6474042067,,,,,"""""",CA,10-May-2026,,,,,,0,
147,Umaira,Rifat,,umairakashif74@gmail.com,(647)823-7793,,"159 Fletcher drive",Maplr,ON,"""L6A2G2""",CA,07-May-2026,02-Aug-1985,,No,No,,214,"2026-May-07 (ver. 2)",147,Mohid,Rajput,"Not Specified",24-Dec-2015,24,12,2015,24/12,215,"2026-May-07 (ver. 2)"
24,Shayna,Rogozinsky,,shaynarogo@hotmail.com,4164202654,,,,,"""""",,12-Apr-2026,,,No,,,0,
118,Ana,Roque,,anapereiraroque@gmail.com,(647)973-5056,,"48 Exbury Road","North York",ON,"""M3M 1R1""",CA,03-May-2026,21-Jun-1981,,No,Yes,,158,"2026-May-03 (ver. 2)",118,Miguel,Roque,"Not Specified",13-Dec-2016,13,12,2016,13/12,159,"2026-May-03 (ver. 2)"
132,Sylvia,Rosete,,casfel30@yahoo.com,(647)237-2673,,"1003-715 Finch Avenue West","North York",ON,"""M3H4X7""",CA,06-May-2026,30-Sep-1983,,No,No,,185,"2026-May-06 (ver. 2)"
178,Maureen,S,,dumoandmaureen@gmail.com,6477177111,,,,,"""""",CA,15-May-2026,,,,,,0,
144,Pouya,Safadel,,n.esmaeili@hotmail.com,(647)878-6587,,"213 killian road",Maple,ON,"""L6a1a8""",CA,07-May-2026,13-May-1984,,No,No,,210,"2026-May-07 (ver. 2)",144,Danyal,Safadel,"Not Specified",19-Jun-2017,19,6,2017,19/6,211,"2026-May-07 (ver. 2)"
146,Pouya,Safadel,,Psafadel@yahoo.ca,(416)833-1742,,"213 killian road","Maple ",ON,"""L6a1a8""",CA,07-May-2026,13-May-1984,,No,No,,212,"2026-May-07 (ver. 2)",146,Danyal,Safadel,"Not Specified",19-Jun-2017,19,6,2017,19/6,213,"2026-May-07 (ver. 2)"
95,Panthea,Saffarzadeh,,pantheasa@gmail.com,(647)705-4161,,"46 Carrier Cres",Maple,ON,"""L6A0T8""",CA,01-May-2026,24-Dec-1988,,No,No,,110,"2026-May-01 (ver. 2)",95,Amelia,Souly,"Not Specified",28-Apr-2023,28,4,2023,28/4,111,"2026-May-01 (ver. 2)"
170,Mehreen,Salim,,Mnasser84@hotmail.com,(416)587-9979,,"Foxwood Road",Thornhill,ON,"""L4J 8o4""",CA,10-May-2026,05-Feb-1980,,No,No,,262,"2026-May-10 (ver. 2)",170,"Ayaan Ali ",Nasser,"Not Specified",05-Oct-2014,5,10,2014,5/10,263,"2026-May-10 (ver. 2)"
23,Lianne,Salter,,liannesalter@gmail.com,(416)705-4552,,"51 ravel drive",Thornhill,,"""L4j8z2""",CA,12-Apr-2026,22-Jan-1982,,No,No,,33,"2026-Apr-12 (ver. 2)",23,Rayna,Shimkofsky,"Not Specified",23-Jan-2017,23,1,2017,23/1,34,"2026-Apr-12 (ver. 2)"
36,Carmeta,Samuels,Female,boxdam@yahoo.ca,2893801849,,,,,"""""",CA,22-Apr-2026,03-May-2026,,,Yes,,0,
189,"Ophalyn ","Santiago ",,santiago.krisha@gmail.com,,,,,,"""""",CA,23-May-2026,,,,,,0,
153,"Elif ",Saskara,,elif_usak@icloud.com,(416)732-9590,,"68 Salterton circle","Vaughan ",,"""L6A 4Z2""",CA,08-May-2026,24-May-1988,,No,Yes,,226,"2026-May-08 (ver. 2)",153,Asrin,Saskara,"Not Specified",28-May-2015,28,5,2015,28/5,227,"2026-May-08 (ver. 2)",153,"Deniz can ",Kabalak,"Not Specified",16-Jul-2015,16,7,2015,16/7,229,"2026-May-08 (ver. 2)",153,"Ekin  ",Saskara,"Not Specified",01-Feb-2017,1,2,2017,1/2,228,"2026-May-08 (ver. 2)"
22,Beckie,Saslove,,Rsaslove@gmail.com,(647)339-3731,,"63 Forest Lane Drive",Thornhill,ON,"""L4J 3P2""",CA,11-Apr-2026,16-Nov-1986,,No,No,,31,"2026-Apr-11 (ver. 2)",22,Eden,Stern,"Not Specified",06-Jul-2017,6,7,2017,6/7,32,"2026-Apr-11 (ver. 2)"
151,Babak,Shamloo,,babak.shamloo@gmail.com,(647)545-5778,,"11 Townsgate Dr.",Thornhill,ON,"""L4j8G4""",CA,08-May-2026,05-Jun-1980,,No,Yes,,222,"2026-May-08 (ver. 2)",151,Arya,Shamloo,"Not Specified",04-Jan-2017,4,1,2017,4/1,223,"2026-May-08 (ver. 2)"
87,Elis,"Shao ",,babyboyshao@gmail.com,(416)876-2888,,"Farmstead road ","Richmond hill",ON,"""L4S 1w3""",CA,29-Apr-2026,01-Jan-1989,,No,No,,100,"2026-Apr-29 (ver. 2)",87,Paris-Legend,"Shao ","Not Specified",02-Jan-2017,2,1,2017,2/1,101,"2026-Apr-29 (ver. 2)"
186,Sara,Shea,,Kennedysbarbershop@gmail.com,705-309-7272,,,,,"""""",,23-May-2026,,,No,,,0,
34,Julia,Shepherd,,julia@lilypadpos.com,,,,,,"""""",CA,18-Apr-2026,,,,,,0,
86,Felecia,Shirley,,Felecias@hotmail.com,(647)801-8550,,"51 poetry drive ","Woodbridge ",ON,"""L4h3r1""",CA,28-Apr-2026,27-May-1993,,No,Yes,,98,"2026-Apr-28 (ver. 2)",86,"Jadaiah ","Quammie ","Not Specified",28-Oct-2015,28,10,2015,28/10,99,"2026-Apr-28 (ver. 2)"
175,Ashley,Shmukler,,aschaimovitz@hotmail.com,4377790979,,,,,"""""",CA,10-May-2026,28-May-1985,,,,,0,
28,"Mandy ","silverman ",,msilv131@gmail.com,"(647) 991-3575 ",,,,,"""""",CA,15-Apr-2026,,,,,,0,
192,"manny ",singh,,singhmc@gmail.com,4168408490,,,,,"""""",CA,25-May-2026,,,,,,0,
102,Kunal,Sinha,,kunalsinha2@gmail.com,(647)285-4248,,"15 Sir Sanford Fleming Way",Maple,ON,"""L6A0T4""",CA,02-May-2026,21-Mar-1983,,Yes,Yes,,127,"2026-May-02 (ver. 2)",102,Rayirth,Sinha,"Not Specified",21-Oct-2015,21,10,2015,21/10,128,"2026-May-02 (ver. 2)"
72,Vishnu,Siva,,vishnu@rogers.com,(416)723-1310,,"123 Hollywood Blvd",Toronto,ON,"""M2m 2e7""",CA,25-Apr-2026,01-May-1976,,No,Yes,,78,"2026-Apr-25 (ver. 2)",72,Hari,Vishnu,"Not Specified",09-Aug-2017,9,8,2017,9/8,79,"2026-Apr-25 (ver. 2)"
11,Michal,Sivak,,Msivak917@gmail.com,6474584162,,,,,"""""",,06-Apr-2026,,,No,,,0,
166,"Mila ",skrba,,info@re-sourcerecycling.com,4169866565,,,,,"""""",CA,09-May-2026,,,,,,0,
129,Shannon,Smye,,shannonsmye@gmail.com,(647)206-7426,,"74 Nature Way Crescent","East Gwillimbury",ON,"""L9N 0A7""",CA,05-May-2026,26-Mar-1977,,No,No,,180,"2026-May-05 (ver. 2)",129,Maxwell,Barrientos,"Not Specified",25-Nov-2015,25,11,2015,25/11,181,"2026-May-05 (ver. 2)"
197,"Nadine ","Solmian ",,nadinesoliman2016@gmail.com,"(416) 821 6337 ",,,,,"""""",CA,30-May-2026,,,,,,0,
125,saira,somani,,sairassomani@gmail.com,(416)576-0740,(416)986-1893,"66 Walter Sinclair crt","Richmond Hill",ON,"""L4E 0X1""",CA,04-May-2026,19-Dec-1981,,No,Yes,,174,"2026-May-04 (ver. 2)",125,Ali,Khimjee,"Not Specified",11-Jan-2014,11,1,2014,11/1,175,"2026-May-04 (ver. 2)"
85,Roberta,"Spagnolo ",,robertarouse@hotmail.com,(416)300-6177,,"38 Stag’s Leap road","Vaughan ",ON,"""L4h 1w6""",CA,28-Apr-2026,01-Jan-1982,,Yes,Yes,,96,"2026-Apr-28 (ver. 2)",85,Celeste,Spagnolo,"Not Specified",25-Aug-2015,25,8,2015,25/8,97,"2026-Apr-28 (ver. 2)"
142,Seth,stern,,sethjstern@gmail.com,2899257432,,,,,"""""",CA,07-May-2026,,,,,,0,
114,Josh,"Stobnicky ",,Jstobnicky@gmail.com,(647)229-0737,,"21 arlstan drive",Tornto,ON,"""M3h4v7""",CA,03-May-2026,16-Oct-1986,,No,No,,152,"2026-May-03 (ver. 2)",114,Jayden,"Stobnicky ","Not Specified",10-Jun-2017,10,6,2017,10/6,153,"2026-May-03 (ver. 2)"
203,Nadia,Stroganova,,Nadia.stroganova@gmail.com,437-774-1472,,"101 Shelborne ave M5N1Z2",,,"""""",,04-Jun-2026,,,No,,,0,,203,Estella,Stroganova,,13-Jun-2020,13,6,2020,13/6,0,
73,meng,sun,,sunmengdeutsch@gmail.com,(647)673-3333,,"3 ahchie court",vaughan,ON,"""L6A5E5""",CA,25-Apr-2026,07-Mar-1988,,No,Yes,,80,"2026-Apr-25 (ver. 2)",73,OWEN,SUN,"Not Specified",09-Jun-2016,9,6,2016,9/6,81,"2026-Apr-25 (ver. 2)"
117,"Ameen ",Syed,,syedanaaqvi12@gmail.com,4164778992,,,,,"""""",CA,03-May-2026,10-May-2026,,,,,0,
56,parya,Tabibi,,tabibi1980@yahoo.com,(647)325-3584,,"85 oneida cres",Richmondhill,ON,"""L4B 0H4""",CA,24-Apr-2026,24-Jul-1980,,No,Yes,,50,"2026-Apr-24 (ver. 2)",56,janyar,salmi,"Not Specified",02-Mar-2016,2,3,2016,2/3,51,"2026-Apr-24 (ver. 2)"
159,"Mandy ",Takhar,,Mandytakhar@outlook.com,(416)629-1669,,"16 Frassino Drive ",Woodbridgr,ON,"""L4h0l9""",CA,08-May-2026,25-Mar-1983,,No,No,,242,"2026-May-08 (ver. 2)",159,Naveen,Takhar,"Not Specified",10-Jan-2016,10,1,2016,10/1,243,"2026-May-08 (ver. 2)"
39,"Oliver ","Tan ",,oliver_tan05@yahoo.com,,,,,,"""""",CA,22-Apr-2026,,,,,,0,
101,oliver,Tan,,archtan@hotmail.com,(416)992-9517,,"394 golden orchard rd",Maple,PE,"""l6a ov8""",CA,02-May-2026,03-Feb-1976,,No,No,,125,"2026-May-02 (ver. 2)",101,Kiefer,Tan,"Not Specified",07-May-2015,7,5,2015,7/5,126,"2026-May-02 (ver. 2)"
109,"Cornella ",Thompson,,cornella_thompson@yahoo.com,(437)230-8680,,"4750 Bathurst Street","North York",ON,"""M2R1W9""",CA,03-May-2026,05-Nov-1983,,Yes,No,,140,"2026-May-03 (ver. 2)",109,Zhuri-kaye,Chambers,"Not Specified",13-Feb-2017,13,2,2017,13/2,141,"2026-May-03 (ver. 2)"
15,Meital,Tietz,,Meital_tietz@yahoo.com,(416)318-1577,,"99 couture gardens",Thornhill,ON,"""L4J 9H6""",CA,07-Apr-2026,05-May-1979,,No,No,,14,"2026-Apr-07 (ver. 2)",15,Leanne,Tietz,"Not Specified",10-Jan-2017,10,1,2017,10/1,15,"2026-Apr-07 (ver. 2)"
27,Kathleen,Torio,,Kgtperez@gmail.com,(416)888-5320,,"68 Prince Charles Way",Markham,ON,"""L6C0B5""",CA,15-Apr-2026,10-Aug-1980,,No,No,,37,"2026-Apr-15 (ver. 2)"
165,Olivia,Tran,,olivia@tran.com,(647)468-3188,,"268 Grand Vellore Cres",Woodbridge,ON,"""L4H0N7""",CA,09-May-2026,18-Sep-1983,,No,No,,254,"2026-May-09 (ver. 2)",165,Eli,Tran,"Not Specified",16-Feb-2016,16,2,2016,16/2,255,"2026-May-09 (ver. 2)"
143,"Tania ",Tran,,Taniaxsteven@gmail.com,(416)888-1080,,"11 Bordeaux Drive ","Vaughan ",ON,"""L4l3c3 """,CA,07-May-2026,08-Jun-1983,,No,No,,209,"2026-May-07 (ver. 2)"
77,"Amanda ","Tsafaras ",,amandatsafaras.00@gmail.com,(416)728-9487,,"43 Gilley Rd","North York",ON,"""M3K1L4""",CA,26-Apr-2026,19-Sep-1986,,No,No,,86,"2026-Apr-26 (ver. 2)",77,George,Tsafaras,"Not Specified",06-Jun-2019,6,6,2019,6/6,87,"2026-Apr-26 (ver. 2)",77,Sophia,Tsafaras,"Not Specified",20-May-2021,20,5,2021,20/5,88,"2026-Apr-26 (ver. 2)"
7,Aditi,Verma,,aditi005@icloud.com,6133146225,,"2-960 Edgeley Blvd
2 , Pixel Pulse",Concord,ON,"""L4K 4V4""",CA,04-Apr-2026,,,,,"EYES Koala Kidz",0,
52,"Sanjay ",Verma,,verma_sanjay416@yahoo.ca," (416) 561 - 5667",,"2-960 Edgeley Blvd
2 , Pixel Pulse",Concord,ON,"""L4K 4V4""",CA,23-Apr-2026,,,,,,0,
8,Tanishq,Verma,,verma.tanishq@gmail.com,(613)314-6225,,"2-960 Edgeley Blvd",Concord,ON,"""L4K 4V4""",CA,05-Apr-2026,29-May-2002,,No,No,,5,"2026-Apr-05 (ver. 2)"
70,Tanishq,Verma,,bradhoover12@gmail.com,(613)314-6225,,"2-960 Edgeley Blvd",Concord,ON,"""L4K 4V4""",CA,25-Apr-2026,01-Jan-2000,,No,No,,74,"2026-Apr-25 (ver. 2)",70,ayaan,verma,"Not Specified",11-Jan-2015,11,1,2015,11/1,75,"2026-Apr-25 (ver. 2)"
196,Tran,Vi,,Theincredibles808@gmail.com,4165058207,,,,,"""""",,29-May-2026,,,No,,,0,
78,Sonia,Vitale,,y.nv@live.com,(647)404-8446,,"76 Plewes Road",Toronto,ON,"""M3K1K7""",CA,26-Apr-2026,13-Jul-1974,,No,No,,89,"2026-Apr-26 (ver. 2)",78,Piero,Vitale,"Not Specified",09-Nov-2018,9,11,2018,9/11,90,"2026-Apr-26 (ver. 2)"
14,Meagan,"Wachtel ",,meagan.solomon@gmail.com,(416)786-7871,,"104 Mill Arbour Ln",Thornhill,ON,"""L4J6L3""",CA,07-Apr-2026,22-Jan-1986,,No,No,,12,"2026-Apr-07 (ver. 2)",14,Emily,Wachtel,"Not Specified",20-Aug-2017,20,8,2017,20/8,13,"2026-Apr-07 (ver. 2)"
110,Jessica,Wainberg,,jess_wainberg@hotmail.com,(647)207-9309,(416)786-8478,"6 Pannahill Road","North York",ON,"""M3H 4N3""",CA,03-May-2026,20-Mar-1984,,No,No,,142,"2026-May-03 (ver. 2)",110,Emmie,Krofchick,"Not Specified",13-Jul-2017,13,7,2017,13/7,143,"2026-May-03 (ver. 2)"
32,Gina,Won,,g_won@hotmail.com,(416)998-0244,,"4 Southern Hills Road",CONCORD,ON,"""L4K 2K5""",CA,18-Apr-2026,15-Aug-1978,,No,Yes,,41,"2026-Apr-18 (ver. 2)",32,"Tristen ",Ho,"Not Specified",19-Dec-2014,19,12,2014,19/12,44,"2026-Apr-18 (ver. 2)",32,"Taylor and Tyson",Ho,"Not Specified",09-May-2017,9,5,2017,9/5,42,"2026-Apr-18 (ver. 2)",32,Tyson,Ho,"Not Specified",09-May-2017,9,5,2017,9/5,43,"2026-Apr-18 (ver. 2)"
150,Yuni,Yang,,oakleymeek@gmail.com,(647)895-8933,,"725 Dupont St","Toronto ",ON,"""M6G1Z5""",CA,08-May-2026,01-Jan-1980,,No,No,,220,"2026-May-09 (ver. 2)",150,Oakley,Meek,"Not Specified",28-Mar-2019,28,3,2019,28/3,221,"2026-May-09 (ver. 2)",150,"Gabriel ",Yang,"Not Specified",20-Jun-2019,20,6,2019,20/6,253,"2026-May-09 (ver. 2)"
133,Fahima,Yari,,f_muradi@hotmail.com,(647)302-7413,(647)567-4847,"25 Stanton Ave",Vaughan,ON,"""L4H0V5""",CA,06-May-2026,01-Jan-1978,,No,Yes,,186,"2026-May-06 (ver. 2)",133,Milad,Yari,"Not Specified",16-Feb-2014,16,2,2014,16/2,187,"2026-May-06 (ver. 2)"
121,Irene,Yu,,cuteamyyu@hotmail.com,(647)835-6388,,"21 wellman dr","Richmond hill",ON,"""L4E1G1""",CA,03-May-2026,23-Aug-1989,,No,Yes,,165,"2026-May-03 (ver. 2)",121,Nathan,Wang,"Not Specified",06-Aug-2016,6,8,2016,6/8,166,"2026-May-03 (ver. 2)",121,Aiden,Wang,"Not Specified",15-Feb-2019,15,2,2019,15/2,167,"2026-May-03 (ver. 2)"
96,Ling,Yu,,Lingyu1993@yahoo.com,(905)506-3105,,"48 wigston place",Thornhill,ON,"""80923""",CA,01-May-2026,25-Apr-1990,,No,Yes,,112,"2026-May-01 (ver. 2)",96,Ryan,Zheng,"Not Specified",26-Oct-2016,26,10,2016,26/10,113,"2026-May-01 (ver. 2)"
158,Ekin,Yuce,,ekine.yuce@gmail.com,(647)325-6191,(416)580-1905,"106 hatton garden road",Woodbridge,,"""L4H 3P8""",CA,08-May-2026,04-Jan-1983,,No,Yes,,240,"2026-May-08 (ver. 2)",158,Jayden,Yuce,"Not Specified",26-May-2016,26,5,2016,26/5,241,"2026-May-08 (ver. 2)"
79,Kristina,Zaharov,,Kristina.koryukova@gmail.com,(647)801-6046,,"78 Novella Rd",Concord,ON,"""L4K 5K2""",CA,26-Apr-2026,22-Jun-1984,,No,Yes,,91,"2026-Apr-26 (ver. 2)",79,Sean,"Zaharov ","Not Specified",11-Feb-2016,11,2,2016,11/2,92,"2026-Apr-26 (ver. 2)"
3,Jakov,Zaidman,,jzaidman@interlan.ca,(416)410-4526,,"25 Gosling Rd",Maple,ON,"""L6A 1E2""",CA,21-Mar-2026,05-Sep-1961,,No,No,,28,"2026-Apr-11 (ver. 2)",3,"Arianna ","Angelucci ","Not Specified",11-Feb-2017,11,2,2017,11/2,29,"2026-Apr-11 (ver. 2)",3,Jessica,"Angelucci ","Not Specified",01-Jul-2019,1,7,2019,1/7,30,"2026-Apr-11 (ver. 2)"
21,Ashley,Zaretsky,,ashleyzaretsky@gmail.com,(416)456-1458,,"11 Elderberry Court, North York, ON, Can",Toronto,ON,"""M3H 5X8""",CA,11-Apr-2026,01-Jun-1983,,No,No,,26,"2026-Apr-11 (ver. 2)",21,Gavin,Zaretsky,"Not Specified",04-Mar-2020,4,3,2020,4/3,27,"2026-Apr-11 (ver. 2)"
